name,old name,male,female,english,hindi,punjabi,bangoli,noise,check
hindi_sample_16.wav,hindi audio sample 5.wav,1,0,0,1,0,0,0,1
hindi_sample_17.wav,hindi audio sample 5.wav,1,0,0,1,0,0,0,1
hindi_sample_18.wav,hindi audio sample 5.wav,1,0,0,1,0,0,0,1
hindi_sample_19.wav,hindi audio sample 5.wav,1,0,0,1,0,0,0,1
hindi_sample_20.wav,hindi audio sample 5.wav,1,0,0,1,0,0,0,1
hindi_sample_21.wav,hindi audio sample 5.wav,1,0,0,1,0,0,0,1
hindi_sample_22.wav,hindi audio sample 5.wav,1,0,0,1,0,0,0,1
hindi_sample_23.wav,hindi audio sample 5.wav,1,0,0,1,0,0,0,1
hindi_sample_24.wav,hindi audio sample 5.wav,1,0,0,1,0,0,0,1
hindi_sample_25.wav,hindi audio sample 5.wav,1,0,0,1,0,0,0,1
hindi_sample_26.wav,hindi audio sample 5.wav,1,0,0,1,0,0,0,1
hindi_sample_27.wav,hindi audio sample 5.wav,1,0,0,1,0,0,0,1
hindi_sample_28.wav,hindi audio sample 5.wav,1,0,0,1,0,0,0,1
hindi_sample_29.wav,hindi audio sample 5.wav,1,0,0,1,0,0,0,1
hindi_sample_30.wav,hindi audio sample 5.wav,1,0,0,1,0,0,0,1
hindi_sample_31.wav,hindi audio sample 5.wav,1,0,0,1,0,0,0,1
hindi_sample_32.wav,hindi audio sample 5.wav,1,0,0,1,0,0,0,1
hindi_sample_33.wav,hindi audio sample 5.wav,1,0,0,1,0,0,0,1
hindi_sample_34.wav,hindi audio sample 5.wav,1,0,0,1,0,0,0,1
hindi_sample_35.wav,hindi audio sample 5.wav,1,0,0,1,0,0,0,1
hindi_sample_36.wav,hindi audio sample 5.wav,1,0,0,1,0,0,0,1
hindi_sample_37.wav,hindi audio sample 5.wav,1,0,0,1,0,0,0,1
hindi_sample_38.wav,hindi audio sample 5.wav,1,0,0,1,0,0,0,1
hindi_sample_39.wav,hindi audio sample 5.wav,1,0,0,1,0,0,0,1
hindi_sample_40.wav,hindi audio sample 5.wav,1,0,0,1,0,0,0,1
hindi_sample_41.wav,hindi audio sample 5.wav,1,0,0,1,0,0,0,1
hindi_sample_42.wav,hindi audio sample 5.wav,1,0,0,1,0,0,0,1
hindi_sample_43.wav,hindi audio sample 5.wav,1,0,0,1,0,0,0,1
hindi_sample_44.wav,hindi audio sample 5.wav,1,0,0,1,0,0,0,1
hindi_sample_45.wav,hindi audio sample 5.wav,1,0,0,1,0,0,0,1
hindi_sample_46.wav,hindi audio sample 5.wav,1,0,0,1,0,0,0,1
hindi_sample_47.wav,hindi audio sample 5.wav,1,0,0,1,0,0,0,1
hindi_sample_48.wav,hindi audio sample 5.wav,1,0,0,1,0,0,0,1
hindi_sample_49.wav,hindi audio sample 5.wav,1,0,0,1,0,0,0,1
hindi_sample_50.wav,hindi audio sample 5.wav,1,0,0,1,0,0,0,1
hindi_sample_51.wav,hindi audio sample 5.wav,1,0,0,1,0,0,0,1
hindi_sample_52.wav,hindi audio sample 5.wav,1,0,0,1,0,0,0,1
hindi_sample_53.wav,hindi audio sample 5.wav,1,0,0,1,0,0,0,1
hindi_sample_54.wav,hindi audio sample 5.wav,1,0,0,1,0,0,0,1
hindi_sample_55.wav,hindi audio sample 5.wav,1,0,0,1,0,0,0,1
hindi_sample_57.wav,hindi audio sample 5.wav,1,0,0,1,0,0,0,1
hindi_sample_58.wav,hindi audio sample 5.wav,1,0,0,1,0,0,0,1
hindi_sample_59.wav,hindi audio sample 5.wav,1,0,0,1,0,0,0,1
hindi_sample_60.wav,hindi audio sample 5.wav,1,0,0,1,0,0,0,1
hindi_sample_61.wav,hindi audio sample 5.wav,1,0,0,1,0,0,0,1
hindi_sample_62.wav,hindi audio sample 5.wav,1,0,0,1,0,0,0,1
hindi_sample_63.wav,hindi audio sample 5.wav,1,0,0,1,0,0,0,1
hindi_sample_64.wav,hindi audio sample 5.wav,1,0,0,1,0,0,0,1
hindi_sample_65.wav,hindi audio sample 5.wav,1,0,0,1,0,0,0,1
hindi_sample_66.wav,hindi audio sample 5.wav,1,0,0,1,0,0,0,1
hindi_sample_67.wav,hindi audio sample 5.wav,1,0,0,1,0,0,0,1
hindi_sample_68.wav,hindi audio sample 5.wav,1,0,0,1,0,0,0,1
hindi_sample_69.wav,hindi audio sample 5.wav,1,0,0,1,0,0,0,1
hindi_sample_70.wav,hindi audio sample 5.wav,1,0,0,1,0,0,0,1
hindi_sample_71.wav,hindi audio sample 5.wav,1,0,0,1,0,0,0,1
hindi_sample_72.wav,hindi audio sample 5.wav,1,0,0,1,0,0,0,1
hindi_sample_73.wav,hindi audio sample 5.wav,1,0,0,1,0,0,0,1
hindi_sample_74.wav,hindi audio sample 5.wav,1,0,0,1,0,0,0,1
hindi_sample_75.wav,hindi audio sample 5.wav,1,0,0,1,0,0,0,1
hindi_sample_76.wav,hindi audio sample 5.wav,1,0,0,1,0,0,0,1
hindi_sample_77.wav,hindi audio sample 5.wav,1,0,0,1,0,0,0,1
hindi_sample_78.wav,hindi audio sample 5.wav,1,0,0,1,0,0,0,1
hindi_sample_79.wav,hindi audio sample 5.wav,1,0,0,1,0,0,0,1
hindi_sample_80.wav,hindi audio sample 5.wav,1,0,0,1,0,0,0,1
hindi_sample_81.wav,hindi audio sample 5.wav,1,0,0,1,0,0,0,1
hindi_sample_82.wav,hindi audio sample 5.wav,1,0,0,1,0,0,0,1
hindi_sample_83.wav,hindi audio sample 5.wav,1,0,0,1,0,0,0,1
hindi_sample_84.wav,hindi audio sample 5.wav,1,0,0,1,0,0,0,1
hindi_sample_85.wav,hindi audio sample 5.wav,1,0,0,1,0,0,0,1
hindi_sample_86.wav,hindi audio sample 5.wav,1,0,0,1,0,0,0,1
hindi_sample_87.wav,hindi audio sample 5.wav,1,0,0,1,0,0,0,1
hindi_sample_88.wav,hindi audio sample 5.wav,1,0,0,1,0,0,0,1
hindi_sample_89.wav,hindi audio sample 5.wav,1,0,0,1,0,0,0,1
hindi_sample_90.wav,hindi audio sample 5.wav,1,0,0,1,0,0,0,1
hindi_sample_91.wav,hindi audio sample 5.wav,1,0,0,1,0,0,0,1
hindi_sample_92.wav,hindi audio sample 5.wav,1,0,0,1,0,0,0,1
hindi_sample_93.wav,hindi audio sample 5.wav,1,0,0,1,0,0,0,1
hindi_sample_94.wav,hindi audio sample 5.wav,1,0,0,1,0,0,0,1
hindi_sample_95.wav,hindi audio sample 5.wav,1,0,0,1,0,0,0,1
hindi_sample_96.wav,hindi audio sample 5.wav,1,0,0,1,0,0,0,1
hindi_sample_97.wav,hindi audio sample 5.wav,1,0,0,1,0,0,0,1
hindi_sample_98.wav,hindi audio sample 5.wav,1,0,0,1,0,0,0,1
hindi_sample_99.wav,hindi audio sample 5.wav,1,0,0,1,0,0,0,1
hindi_sample_100.wav,hindi audio sample 5.wav,1,0,0,1,0,0,0,1
hindi_sample_101.wav,hindi audio sample 5.wav,1,0,0,1,0,0,0,1
hindi_sample_102.wav,hindi audio sample 5.wav,1,0,0,1,0,0,0,1
hindi_sample_103.wav,hindi audio sample 5.wav,1,0,0,1,0,0,0,1
hindi_sample_104.wav,hindi audio sample 5.wav,1,0,0,1,0,0,0,1
hindi_sample_105.wav,hindi audio sample 5.wav,1,0,0,1,0,0,0,1
hindi_sample_106.wav,hindi audio sample 5.wav,1,0,0,1,0,0,0,1
hindi_sample_107.wav,hindi audio sample 5.wav,1,0,0,1,0,0,0,1
hindi_sample_108.wav,hindi audio sample 5.wav,1,0,0,1,0,0,0,1
hindi_sample_109.wav,hindi audio sample 5.wav,1,0,0,1,0,0,0,1
hindi_sample_110.wav,hindi audio sample 5.wav,1,0,0,1,0,0,0,1
hindi_sample_111.wav,hindi audio sample 5.wav,1,0,0,1,0,0,0,1
hindi_sample_111.wav,hindi audio sample 4.wav,1,0,0,1,0,0,0,1
hindi_sample_112.wav,hindi audio sample 4.wav,1,0,0,1,0,0,0,1
hindi_sample_113.wav,hindi audio sample 4.wav,1,0,0,1,0,0,0,1
hindi_sample_114.wav,hindi audio sample 4.wav,1,0,0,1,0,0,0,1
hindi_sample_115.wav,hindi audio sample 4.wav,1,0,0,1,0,0,0,1
hindi_sample_116.wav,hindi audio sample 4.wav,1,0,0,1,0,0,0,1
hindi_sample_117.wav,hindi audio sample 4.wav,1,0,0,1,0,0,0,1
hindi_sample_118.wav,hindi audio sample 4.wav,1,0,0,1,0,0,0,1
hindi_sample_119.wav,hindi audio sample 4.wav,1,0,0,1,0,0,0,1
hindi_sample_120.wav,hindi audio sample 4.wav,1,0,0,1,0,0,0,1
hindi_sample_121.wav,hindi audio sample 4.wav,1,0,0,1,0,0,0,1
hindi_sample_122.wav,hindi audio sample 4.wav,1,0,0,1,0,0,0,1
hindi_sample_123.wav,hindi audio sample 4.wav,1,0,0,1,0,0,0,1
hindi_sample_124.wav,hindi audio sample 4.wav,1,0,0,1,0,0,1,1
hindi_sample_125.wav,hindi audio sample 4.wav,1,0,0,1,0,0,1,1
hindi_sample_126.wav,hindi audio sample 4.wav,1,0,0,1,0,0,1,1
hindi_sample_127.wav,hindi audio sample 4.wav,1,0,0,1,0,0,1,1
hindi_sample_128.wav,hindi audio sample 4.wav,1,0,0,1,0,0,1,1
hindi_sample_129.wav,hindi audio sample 4.wav,1,0,0,1,0,0,1,1
hindi_sample_130.wav,hindi audio sample 4.wav,1,0,0,1,0,0,1,1
hindi_sample_131.wav,hindi audio sample 4.wav,1,0,0,1,0,0,1,1
hindi_sample_132.wav,hindi audio sample 4.wav,1,0,0,1,0,0,1,1
hindi_sample_133.wav,hindi audio sample 4.wav,1,0,0,1,0,0,1,1
hindi_sample_134.wav,hindi audio sample 4.wav,1,0,0,1,0,0,1,1
hindi_sample_135.wav,hindi audio sample 4.wav,1,0,0,1,0,0,1,1
hindi_sample_136.wav,hindi audio sample 4.wav,1,0,0,1,0,0,1,1
hindi_sample_137.wav,hindi audio sample 4.wav,1,0,0,1,0,0,1,1
hindi_sample_138.wav,hindi audio sample 4.wav,1,0,0,1,0,0,1,1
hindi_sample_139.wav,hindi audio sample 4.wav,1,0,0,1,0,0,1,1
hindi_sample_140.wav,hindi audio sample 4.wav,1,0,0,1,0,0,1,1
hindi_sample_141.wav,hindi audio sample 4.wav,1,0,0,1,0,0,1,1
hindi_sample_142.wav,hindi audio sample 4.wav,1,0,0,1,0,0,1,1
hindi_sample_143.wav,hindi audio sample 4.wav,1,0,0,1,0,0,1,1
hindi_sample_144.wav,hindi audio sample 4.wav,1,0,0,1,0,0,1,1
hindi_sample_145.wav,hindi audio sample 4.wav,1,0,0,1,0,0,1,1
hindi_sample_146.wav,hindi audio sample 4.wav,1,0,0,1,0,0,1,1
hindi_sample_147.wav,hindi audio sample 4.wav,1,0,0,1,0,0,1,1
hindi_sample_148.wav,hindi audio sample 4.wav,1,0,0,1,0,0,1,1
hindi_sample_149.wav,hindi audio sample 4.wav,1,0,0,1,0,0,1,1
hindi_sample_150.wav,hindi audio sample 4.wav,1,0,0,1,0,0,1,1
hindi_sample_151.wav,hindi audio sample 4.wav,1,0,0,1,0,0,1,1
hindi_sample_152.wav,hindi audio sample 4.wav,1,0,0,1,0,0,1,1
hindi_sample_153.wav,hindi audio sample 4.wav,1,0,0,1,0,0,1,1
hindi_sample_154.wav,hindi audio sample 4.wav,1,0,0,1,0,0,1,1
hindi_sample_155.wav,hindi audio sample 4.wav,1,0,0,1,0,0,1,1
hindi_sample_156.wav,hindi audio sample 4.wav,1,0,0,1,0,0,1,1
hindi_sample_157.wav,hindi audio sample 4.wav,1,0,0,1,0,0,1,1
hindi_sample_158.wav,hindi audio sample 4.wav,1,0,0,1,0,0,1,1
hindi_sample_159.wav,hindi audio sample 4.wav,1,0,0,1,0,0,0,1
hindi_sample_160.wav,hindi audio sample 4.wav,1,0,0,1,0,0,0,1
hindi_sample_161.wav,hindi audio sample 4.wav,1,0,0,1,0,0,0,1
hindi_sample_162.wav,hindi audio sample 4.wav,1,0,0,1,0,0,0,1
hindi_sample_163.wav,hindi audio sample 4.wav,1,0,0,1,0,0,0,1
hindi_sample_164.wav,hindi audio sample 4.wav,1,0,0,1,0,0,0,1
hindi_sample_165.wav,hindi audio sample 4.wav,1,0,0,1,0,0,0,1
hindi_sample_166.wav,hindi audio sample 4.wav,1,0,0,1,0,0,0,1
hindi_sample_167.wav,hindi audio sample 4.wav,1,0,0,1,0,0,0,1
hindi_sample_168.wav,hindi audio sample 4.wav,1,0,0,1,0,0,0,1
hindi_sample_169.wav,hindi audio sample 4.wav,1,0,0,1,0,0,0,1
hindi_sample_170.wav,hindi audio sample 4.wav,1,0,0,1,0,0,0,1
hindi_sample_171.wav,hindi audio sample 4.wav,1,0,0,1,0,0,0,1
hindi_sample_172.wav,hindi audio sample 4.wav,1,0,0,1,0,0,0,1
hindi_sample_173.wav,hindi audio sample 4.wav,1,0,0,1,0,0,0,1
hindi_sample_174.wav,hindi audio sample 4.wav,1,0,0,1,0,0,0,1
hindi_sample_175.wav,hindi audio sample 4.wav,1,0,0,1,0,0,0,1
hindi_sample_176.wav,hindi audio sample 4.wav,1,0,0,1,0,0,0,1
hindi_sample_177.wav,hindi audio sample 4.wav,1,0,0,1,0,0,0,0
hindi_sample_178.wav,hindi audio sample 4.wav,1,0,0,1,0,0,0,0
hindi_sample_179.wav,hindi audio sample 4.wav,1,0,0,1,0,0,0,0
hindi_sample_180.wav,hindi audio sample 4.wav,1,0,0,1,0,0,0,0
hindi_sample_181.wav,hindi audio sample 4.wav,1,0,0,1,0,0,0,0
hindi_sample_182.wav,hindi audio sample 4.wav,1,0,0,1,0,0,0,0
hindi_sample_183.wav,hindi audio sample 4.wav,1,0,0,1,0,0,0,0
hindi_sample_184.wav,hindi audio sample 4.wav,1,0,0,1,0,0,0,0
hindi_sample_185.wav,hindi audio sample 4.wav,1,0,0,1,0,0,0,0
hindi_sample_186.wav,hindi audio sample 4.wav,1,0,0,1,0,0,0,0
hindi_sample_187.wav,hindi audio sample 4.wav,1,0,0,1,0,0,0,0
hindi_sample_188.wav,hindi audio sample 4.wav,1,0,0,1,0,0,0,0
hindi_sample_189.wav,hindi audio sample 4.wav,1,0,0,1,0,0,0,0
hindi_sample_190.wav,hindi audio sample 4.wav,1,0,0,1,0,0,0,0
hindi_sample_191.wav,hindi audio sample 4.wav,1,0,0,1,0,0,0,0
hindi_sample_192.wav,hindi audio sample 4.wav,1,0,0,1,0,0,0,0
hindi_sample_193.wav,hindi audio sample 4.wav,1,0,0,1,0,0,0,0
hindi_sample_194.wav,hindi audio sample 4.wav,1,0,0,1,0,0,0,0
hindi_sample_195.wav,hindi audio sample 4.wav,1,0,0,1,0,0,0,0
hindi_sample_196.wav,hindi audio sample 4.wav,1,0,0,1,0,0,0,0
hindi_sample_197.wav,hindi audio sample 4.wav,1,0,0,1,0,0,0,0
hindi_sample_198.wav,hindi audio sample 4.wav,1,0,0,1,0,0,0,0
hindi_sample_199.wav,hindi audio sample 4.wav,1,0,0,1,0,0,0,0
hindi_sample_200.wav,hindi audio sample 4.wav,1,0,0,1,0,0,0,0
hindi_sample_201.wav,hindi audio sample 4.wav,1,0,0,1,0,0,0,0
hindi_sample_202.wav,hindi audio sample 4.wav,1,0,0,1,0,0,0,0
hindi_sample_203.wav,hindi audio sample 4.wav,1,0,0,1,0,0,0,0
hindi_sample_204.wav,hindi audio sample 4.wav,1,0,0,1,0,0,0,0
hindi_sample_205.wav,hindi audio sample 4.wav,1,0,0,1,0,0,0,0
hindi_sample_206.wav,hindi audio sample 4.wav,1,0,0,1,0,0,0,0
hindi_sample_207.wav,hindi audio sample 4.wav,1,0,0,1,0,0,0,0
hindi_sample_208.wav,hindi audio sample 4.wav,1,0,0,1,0,0,0,0
hindi_sample_209.wav,hindi audio sample 4.wav,1,0,0,1,0,0,0,0
hindi_sample_210.wav,hindi audio sample 4.wav,1,0,0,1,0,0,0,0
hindi_sample_211.wav,hindi audio sample 4.wav,1,0,0,1,0,0,0,0
hindi_sample_212.wav,hindi audio sample 4.wav,1,0,0,1,0,0,0,0
hindi_sample_213.wav,hindi audio sample 4.wav,1,0,0,1,0,0,0,0
hindi_sample_214.wav,hindi audio sample 4.wav,1,0,0,1,0,0,0,0
hindi_sample_215.wav,hindi audio sample 4.wav,1,0,0,1,0,0,0,0
hindi_sample_216.wav,hindi audio sample 4.wav,1,0,0,1,0,0,0,0
hindi_sample_217.wav,hindi audio sample 4.wav,1,0,0,1,0,0,0,0
hindi_sample_218.wav,hindi audio sample 4.wav,1,0,0,1,0,0,0,0
hindi_sample_219.wav,hindi audio sample 4.wav,1,0,0,1,0,0,0,0
hindi_sample_220.wav,hindi audio sample 4.wav,1,0,0,1,0,0,0,0
hindi_sample_220.wav,hindi audio sample 6.wav,1,0,0,1,0,0,0,0
hindi_sample_221.wav,hindi audio sample 6.wav,1,0,0,1,0,0,0,0
hindi_sample_222.wav,hindi audio sample 6.wav,1,0,0,1,0,0,0,0
hindi_sample_223.wav,hindi audio sample 6.wav,1,0,0,1,0,0,0,0
hindi_sample_224.wav,hindi audio sample 6.wav,1,0,0,1,0,0,0,0
hindi_sample_225.wav,hindi audio sample 6.wav,1,0,0,1,0,0,0,0
hindi_sample_226.wav,hindi audio sample 6.wav,1,0,0,1,0,0,0,0
hindi_sample_227.wav,hindi audio sample 6.wav,1,0,0,1,0,0,0,0
hindi_sample_228.wav,hindi audio sample 6.wav,1,0,0,1,0,0,0,0
hindi_sample_229.wav,hindi audio sample 6.wav,1,0,0,1,0,0,0,0
hindi_sample_230.wav,hindi audio sample 6.wav,1,0,0,1,0,0,0,0
hindi_sample_231.wav,hindi audio sample 6.wav,1,0,0,1,0,0,0,0
hindi_sample_232.wav,hindi audio sample 6.wav,1,0,0,1,0,0,0,0
hindi_sample_233.wav,hindi audio sample 6.wav,1,0,0,1,0,0,0,0
hindi_sample_234.wav,hindi audio sample 6.wav,1,0,0,1,0,0,0,0
hindi_sample_235.wav,hindi audio sample 6.wav,1,0,0,1,0,0,0,0
hindi_sample_236.wav,hindi audio sample 6.wav,1,0,0,1,0,0,0,0
hindi_sample_237.wav,hindi audio sample 6.wav,1,0,0,1,0,0,0,0
hindi_sample_238.wav,hindi audio sample 6.wav,1,0,0,1,0,0,0,0
hindi_sample_239.wav,hindi audio sample 6.wav,1,0,0,1,0,0,0,0
hindi_sample_240.wav,hindi audio sample 6.wav,1,0,0,1,0,0,0,0
hindi_sample_241.wav,hindi audio sample 6.wav,1,0,0,1,0,0,0,0
hindi_sample_242.wav,hindi audio sample 6.wav,1,0,0,1,0,0,0,0
hindi_sample_243.wav,hindi audio sample 6.wav,1,0,0,1,0,0,0,0
hindi_sample_244.wav,hindi audio sample 6.wav,1,0,0,1,0,0,0,0
hindi_sample_245.wav,hindi audio sample 6.wav,1,0,0,1,0,0,0,0
hindi_sample_246.wav,hindi audio sample 6.wav,1,0,0,1,0,0,0,0
hindi_sample_247.wav,hindi audio sample 6.wav,1,0,0,1,0,0,0,0
hindi_sample_248.wav,hindi audio sample 6.wav,1,0,0,1,0,0,0,0
hindi_sample_249.wav,hindi audio sample 6.wav,1,0,0,1,0,0,0,0
hindi_sample_250.wav,hindi audio sample 6.wav,1,0,0,1,0,0,0,0
hindi_sample_251.wav,hindi audio sample 6.wav,1,0,0,1,0,0,0,0
hindi_sample_252.wav,hindi audio sample 6.wav,1,0,0,1,0,0,0,0
hindi_sample_253.wav,hindi audio sample 6.wav,1,0,0,1,0,0,0,0
hindi_sample_254.wav,hindi audio sample 6.wav,1,0,0,1,0,0,0,0
hindi_sample_255.wav,hindi audio sample 6.wav,1,0,0,1,0,0,0,0
hindi_sample_256.wav,hindi audio sample 6.wav,1,0,0,1,0,0,0,0
hindi_sample_257.wav,hindi audio sample 6.wav,1,0,0,1,0,0,0,0
hindi_sample_258.wav,hindi audio sample 6.wav,1,0,0,1,0,0,0,0
hindi_sample_259.wav,hindi audio sample 6.wav,1,0,0,1,0,0,0,0
hindi_sample_260.wav,hindi audio sample 6.wav,1,0,0,1,0,0,0,0
hindi_sample_261.wav,hindi audio sample 6.wav,1,0,0,1,0,0,0,0
hindi_sample_262.wav,hindi audio sample 6.wav,1,0,0,1,0,0,0,0
hindi_sample_263.wav,hindi audio sample 6.wav,1,0,0,1,0,0,0,0
hindi_sample_264.wav,hindi audio sample 6.wav,1,0,0,1,0,0,0,0
hindi_sample_265.wav,hindi audio sample 6.wav,1,0,0,1,0,0,0,0
hindi_sample_266.wav,hindi audio sample 6.wav,1,0,0,1,0,0,0,0
hindi_sample_267.wav,hindi audio sample 6.wav,1,0,0,1,0,0,0,0
hindi_sample_268.wav,hindi audio sample 6.wav,1,0,0,1,0,0,0,0
hindi_sample_269.wav,hindi audio sample 6.wav,1,0,0,1,0,0,0,0
hindi_sample_270.wav,hindi audio sample 6.wav,1,0,0,1,0,0,0,0
hindi_sample_271.wav,hindi audio sample 6.wav,1,0,0,1,0,0,0,0
hindi_sample_272.wav,hindi audio sample 6.wav,1,0,0,1,0,0,0,0
hindi_sample_273.wav,hindi audio sample 6.wav,1,0,0,1,0,0,0,0
hindi_sample_274.wav,hindi audio sample 6.wav,1,0,0,1,0,0,0,0
hindi_sample_275.wav,hindi audio sample 6.wav,1,0,0,1,0,0,0,0
hindi_sample_276.wav,hindi audio sample 6.wav,1,0,0,1,0,0,0,0
hindi_sample_277.wav,hindi audio sample 6.wav,1,0,0,1,0,0,0,0
hindi_sample_278.wav,hindi audio sample 6.wav,1,0,0,1,0,0,0,0
hindi_sample_279.wav,hindi audio sample 6.wav,1,0,0,1,0,0,0,0
hindi_sample_280.wav,hindi audio sample 6.wav,1,0,0,1,0,0,0,0
hindi_sample_281.wav,hindi audio sample 6.wav,1,0,0,1,0,0,0,0
hindi_sample_282.wav,hindi audio sample 6.wav,1,0,0,1,0,0,0,0
hindi_sample_283.wav,hindi audio sample 6.wav,1,0,0,1,0,0,0,0
hindi_sample_284.wav,hindi audio sample 6.wav,1,0,0,1,0,0,0,0
hindi_sample_285.wav,hindi audio sample 6.wav,1,0,0,1,0,0,0,0
hindi_sample_286.wav,hindi audio sample 6.wav,1,0,0,1,0,0,0,0
hindi_sample_287.wav,hindi audio sample 6.wav,1,0,0,1,0,0,0,0
hindi_sample_288.wav,hindi audio sample 6.wav,1,0,0,1,0,0,0,0
hindi_sample_289.wav,hindi audio sample 6.wav,1,0,0,1,0,0,0,0
hindi_sample_290.wav,hindi audio sample 6.wav,1,0,0,1,0,0,0,0
hindi_sample_291.wav,hindi audio sample 6.wav,1,0,0,1,0,0,0,0
hindi_sample_292.wav,hindi audio sample 6.wav,1,0,0,1,0,0,0,0
hindi_sample_293.wav,hindi audio sample 6.wav,1,0,0,1,0,0,0,0
hindi_sample_294.wav,hindi audio sample 6.wav,1,0,0,1,0,0,0,0
hindi_sample_295.wav,hindi audio sample 6.wav,1,0,0,1,0,0,0,0
hindi_sample_296.wav,hindi audio sample 6.wav,1,0,0,1,0,0,0,0
hindi_sample_297.wav,hindi audio sample 6.wav,1,0,0,1,0,0,0,0
hindi_sample_298.wav,hindi audio sample 6.wav,1,0,0,1,0,0,0,0
hindi_sample_299.wav,hindi audio sample 6.wav,1,0,0,1,0,0,0,0
hindi_sample_300.wav,hindi audio sample 6.wav,1,0,0,1,0,0,0,0
hindi_sample_301.wav,hindi audio sample 6.wav,1,0,0,1,0,0,0,0
hindi_sample_302.wav,hindi audio sample 6.wav,1,0,0,1,0,0,0,0
hindi_sample_303.wav,hindi audio sample 6.wav,1,0,0,1,0,0,0,0
hindi_sample_304.wav,hindi audio sample 6.wav,1,0,0,1,0,0,0,0
hindi_sample_305.wav,hindi audio sample 6.wav,1,0,0,1,0,0,0,0
hindi_sample_306.wav,hindi audio sample 6.wav,1,0,0,1,0,0,0,0
hindi_sample_307.wav,hindi audio sample 6.wav,1,0,0,1,0,0,0,0
hindi_sample_308.wav,hindi audio sample 6.wav,1,0,0,1,0,0,0,0
hindi_sample_309.wav,hindi audio sample 6.wav,1,0,0,1,0,0,0,0
hindi_sample_310.wav,hindi audio sample 6.wav,1,0,0,1,0,0,0,0
hindi_sample_311.wav,hindi audio sample 6.wav,1,0,0,1,0,0,0,0
hindi_sample_312.wav,hindi audio sample 6.wav,1,0,0,1,0,0,0,0
hindi_sample_313.wav,hindi audio sample 6.wav,1,0,0,1,0,0,0,0
hindi_sample_314.wav,hindi audio sample 6.wav,1,0,0,1,0,0,0,0
hindi_sample_315.wav,hindi audio sample 6.wav,1,0,0,1,0,0,0,0
hindi_sample_316.wav,hindi audio sample 6.wav,1,0,0,1,0,0,0,0
hindi_sample_317.wav,hindi audio sample 6.wav,1,0,0,1,0,0,0,0
hindi_sample_318.wav,hindi audio sample 6.wav,1,0,0,1,0,0,0,0
hindi_sample_319.wav,hindi audio sample 6.wav,1,0,0,1,0,0,0,0
hindi_sample_320.wav,hindi audio sample 6.wav,1,0,0,1,0,0,0,0
hindi_sample_321.wav,hindi audio sample 6.wav,1,0,0,1,0,0,0,0
hindi_sample_322.wav,hindi audio sample 6.wav,1,0,0,1,0,0,0,0
hindi_sample_323.wav,hindi audio sample 6.wav,1,0,0,1,0,0,0,0
hindi_sample_324.wav,hindi audio sample 6.wav,1,0,0,1,0,0,0,0
hindi_sample_325.wav,hindi audio sample 6.wav,1,0,0,1,0,0,0,0
hindi_sample_326.wav,hindi audio sample 6.wav,1,0,0,1,0,0,0,0
hindi_sample_327.wav,hindi audio sample 6.wav,1,0,0,1,0,0,0,0
hindi_sample_328.wav,hindi audio sample 6.wav,1,0,0,1,0,0,0,0
hindi_sample_329.wav,hindi audio sample 6.wav,1,0,0,1,0,0,0,0
hindi_sample_329.wav,hindi audio sample 3.wav,1,0,0,1,0,0,0,0
hindi_sample_330.wav,hindi audio sample 3.wav,1,0,0,1,0,0,0,0
hindi_sample_331.wav,hindi audio sample 3.wav,1,0,0,1,0,0,0,0
hindi_sample_332.wav,hindi audio sample 3.wav,1,0,0,1,0,0,0,0
hindi_sample_333.wav,hindi audio sample 3.wav,1,0,0,1,0,0,0,0
hindi_sample_334.wav,hindi audio sample 3.wav,1,0,0,1,0,0,0,0
hindi_sample_335.wav,hindi audio sample 3.wav,1,0,0,1,0,0,0,0
hindi_sample_336.wav,hindi audio sample 3.wav,1,0,0,1,0,0,0,0
hindi_sample_337.wav,hindi audio sample 3.wav,1,0,0,1,0,0,0,0
hindi_sample_338.wav,hindi audio sample 3.wav,1,0,0,1,0,0,0,0
hindi_sample_339.wav,hindi audio sample 3.wav,1,0,0,1,0,0,0,0
hindi_sample_340.wav,hindi audio sample 3.wav,1,0,0,1,0,0,0,0
hindi_sample_341.wav,hindi audio sample 3.wav,1,0,0,1,0,0,0,0
hindi_sample_342.wav,hindi audio sample 3.wav,1,0,0,1,0,0,0,0
hindi_sample_343.wav,hindi audio sample 3.wav,1,0,0,1,0,0,0,0
hindi_sample_344.wav,hindi audio sample 3.wav,1,0,0,1,0,0,0,0
hindi_sample_345.wav,hindi audio sample 3.wav,1,0,0,1,0,0,0,0
hindi_sample_346.wav,hindi audio sample 3.wav,1,0,0,1,0,0,0,0
hindi_sample_347.wav,hindi audio sample 3.wav,1,0,0,1,0,0,0,0
hindi_sample_348.wav,hindi audio sample 3.wav,1,0,0,1,0,0,0,0
hindi_sample_349.wav,hindi audio sample 3.wav,1,0,0,1,0,0,0,0
hindi_sample_350.wav,hindi audio sample 3.wav,1,0,0,1,0,0,0,0
hindi_sample_351.wav,hindi audio sample 3.wav,1,0,0,1,0,0,0,0
hindi_sample_352.wav,hindi audio sample 3.wav,1,0,0,1,0,0,0,0
hindi_sample_353.wav,hindi audio sample 3.wav,1,0,0,1,0,0,0,0
hindi_sample_354.wav,hindi audio sample 3.wav,1,0,0,1,0,0,0,0
hindi_sample_355.wav,hindi audio sample 3.wav,1,0,0,1,0,0,0,0
hindi_sample_356.wav,hindi audio sample 3.wav,1,0,0,1,0,0,0,0
hindi_sample_357.wav,hindi audio sample 3.wav,1,0,0,1,0,0,0,0
hindi_sample_358.wav,hindi audio sample 3.wav,1,0,0,1,0,0,0,0
hindi_sample_359.wav,hindi audio sample 3.wav,1,0,0,1,0,0,0,0
hindi_sample_360.wav,hindi audio sample 3.wav,1,0,0,1,0,0,0,0
hindi_sample_361.wav,hindi audio sample 3.wav,1,0,0,1,0,0,0,0
hindi_sample_362.wav,hindi audio sample 3.wav,1,0,0,1,0,0,0,0
hindi_sample_363.wav,hindi audio sample 3.wav,1,0,0,1,0,0,0,0
hindi_sample_364.wav,hindi audio sample 3.wav,1,0,0,1,0,0,0,0
hindi_sample_365.wav,hindi audio sample 3.wav,1,0,0,1,0,0,0,0
hindi_sample_366.wav,hindi audio sample 3.wav,1,0,0,1,0,0,0,0
hindi_sample_367.wav,hindi audio sample 3.wav,1,0,0,1,0,0,0,0
hindi_sample_368.wav,hindi audio sample 3.wav,1,0,0,1,0,0,0,0
hindi_sample_369.wav,hindi audio sample 3.wav,1,0,0,1,0,0,0,0
hindi_sample_370.wav,hindi audio sample 3.wav,1,0,0,1,0,0,0,0
hindi_sample_371.wav,hindi audio sample 3.wav,1,0,0,1,0,0,0,0
hindi_sample_372.wav,hindi audio sample 3.wav,1,0,0,1,0,0,0,0
hindi_sample_373.wav,hindi audio sample 3.wav,1,0,0,1,0,0,0,0
hindi_sample_374.wav,hindi audio sample 3.wav,1,0,0,1,0,0,0,0
hindi_sample_375.wav,hindi audio sample 3.wav,1,0,0,1,0,0,0,0
hindi_sample_376.wav,hindi audio sample 3.wav,1,0,0,1,0,0,0,0
hindi_sample_377.wav,hindi audio sample 3.wav,1,0,0,1,0,0,0,0
hindi_sample_378.wav,hindi audio sample 3.wav,1,0,0,1,0,0,0,0
hindi_sample_379.wav,hindi audio sample 3.wav,1,0,0,1,0,0,0,0
hindi_sample_380.wav,hindi audio sample 3.wav,1,0,0,1,0,0,0,0
hindi_sample_381.wav,hindi audio sample 3.wav,1,0,0,1,0,0,0,0
hindi_sample_382.wav,hindi audio sample 3.wav,1,0,0,1,0,0,0,0
hindi_sample_383.wav,hindi audio sample 3.wav,1,0,0,1,0,0,0,0
hindi_sample_384.wav,hindi audio sample 3.wav,1,0,0,1,0,0,0,0
hindi_sample_385.wav,hindi audio sample 3.wav,1,0,0,1,0,0,0,0
hindi_sample_386.wav,hindi audio sample 3.wav,1,0,0,1,0,0,0,0
hindi_sample_387.wav,hindi audio sample 3.wav,1,0,0,1,0,0,0,0
hindi_sample_388.wav,hindi audio sample 3.wav,1,0,0,1,0,0,0,0
hindi_sample_389.wav,hindi audio sample 3.wav,1,0,0,1,0,0,0,0
hindi_sample_390.wav,hindi audio sample 3.wav,1,0,0,1,0,0,0,0
hindi_sample_391.wav,hindi audio sample 3.wav,1,0,0,1,0,0,0,0
hindi_sample_392.wav,hindi audio sample 3.wav,1,0,0,1,0,0,0,0
hindi_sample_393.wav,hindi audio sample 3.wav,1,0,0,1,0,0,0,0
hindi_sample_394.wav,hindi audio sample 3.wav,1,0,0,1,0,0,0,0
hindi_sample_395.wav,hindi audio sample 3.wav,1,0,0,1,0,0,0,0
hindi_sample_396.wav,hindi audio sample 3.wav,1,0,0,1,0,0,0,0
hindi_sample_397.wav,hindi audio sample 3.wav,1,0,0,1,0,0,0,0
hindi_sample_398.wav,hindi audio sample 3.wav,1,0,0,1,0,0,0,0
hindi_sample_399.wav,hindi audio sample 3.wav,1,0,0,1,0,0,0,0
hindi_sample_400.wav,hindi audio sample 3.wav,1,0,0,1,0,0,0,0
hindi_sample_401.wav,hindi audio sample 3.wav,1,0,0,1,0,0,0,0
hindi_sample_402.wav,hindi audio sample 3.wav,1,0,0,1,0,0,0,0
hindi_sample_403.wav,hindi audio sample 3.wav,1,0,0,1,0,0,0,0
hindi_sample_404.wav,hindi audio sample 3.wav,1,0,0,1,0,0,0,0
hindi_sample_405.wav,hindi audio sample 3.wav,1,0,0,1,0,0,0,0
hindi_sample_406.wav,hindi audio sample 3.wav,1,0,0,1,0,0,0,0
hindi_sample_407.wav,hindi audio sample 3.wav,1,0,0,1,0,0,0,0
hindi_sample_408.wav,hindi audio sample 3.wav,1,0,0,1,0,0,0,0
hindi_sample_409.wav,hindi audio sample 3.wav,1,0,0,1,0,0,0,0
hindi_sample_410.wav,hindi audio sample 3.wav,1,0,0,1,0,0,0,0
hindi_sample_411.wav,hindi audio sample 3.wav,1,0,0,1,0,0,0,0
hindi_sample_412.wav,hindi audio sample 3.wav,1,0,0,1,0,0,0,0
hindi_sample_413.wav,hindi audio sample 3.wav,1,0,0,1,0,0,0,0
hindi_sample_414.wav,hindi audio sample 3.wav,1,0,0,1,0,0,0,0
hindi_sample_415.wav,hindi audio sample 3.wav,1,0,0,1,0,0,0,0
hindi_sample_416.wav,hindi audio sample 3.wav,1,0,0,1,0,0,0,0
hindi_sample_417.wav,hindi audio sample 3.wav,1,0,0,1,0,0,0,0
hindi_sample_418.wav,hindi audio sample 3.wav,1,0,0,1,0,0,0,0
hindi_sample_419.wav,hindi audio sample 3.wav,1,0,0,1,0,0,0,0
hindi_sample_420.wav,hindi audio sample 3.wav,1,0,0,1,0,0,0,0
hindi_sample_421.wav,hindi audio sample 3.wav,1,0,0,1,0,0,0,0
hindi_sample_422.wav,hindi audio sample 3.wav,1,0,0,1,0,0,0,0
hindi_sample_423.wav,hindi audio sample 3.wav,1,0,0,1,0,0,0,0
hindi_sample_424.wav,hindi audio sample 3.wav,1,0,0,1,0,0,0,0
hindi_sample_425.wav,hindi audio sample 3.wav,1,0,0,1,0,0,0,0
hindi_sample_426.wav,hindi audio sample 3.wav,1,0,0,1,0,0,0,0
hindi_sample_427.wav,hindi audio sample 3.wav,1,0,0,1,0,0,0,0
hindi_sample_428.wav,hindi audio sample 3.wav,1,0,0,1,0,0,0,0
hindi_sample_429.wav,hindi audio sample 3.wav,1,0,0,1,0,0,0,0
hindi_sample_430.wav,hindi audio sample 3.wav,1,0,0,1,0,0,0,0
hindi_sample_431.wav,hindi audio sample 3.wav,1,0,0,1,0,0,0,0
hindi_sample_432.wav,hindi audio sample 3.wav,1,0,0,1,0,0,0,0
hindi_sample_433.wav,hindi audio sample 3.wav,1,0,0,1,0,0,0,0
hindi_sample_434.wav,hindi audio sample 3.wav,1,0,0,1,0,0,0,0
hindi_sample_435.wav,hindi audio sample 3.wav,1,0,0,1,0,0,0,0
hindi_sample_436.wav,hindi audio sample 3.wav,1,0,0,1,0,0,0,0
hindi_sample_437.wav,hindi audio sample 3.wav,1,0,0,1,0,0,0,0
hindi_sample_438.wav,hindi audio sample 3.wav,1,0,0,1,0,0,0,0
hindi_sample_438.wav,hindi audio sample 2.wav,1,0,0,1,0,0,0,0
hindi_sample_439.wav,hindi audio sample 2.wav,1,0,0,1,0,0,0,0
hindi_sample_440.wav,hindi audio sample 2.wav,1,0,0,1,0,0,0,0
hindi_sample_441.wav,hindi audio sample 2.wav,1,0,0,1,0,0,0,0
hindi_sample_442.wav,hindi audio sample 2.wav,1,0,0,1,0,0,0,0
hindi_sample_443.wav,hindi audio sample 2.wav,1,0,0,1,0,0,0,0
hindi_sample_444.wav,hindi audio sample 2.wav,1,0,0,1,0,0,0,0
hindi_sample_445.wav,hindi audio sample 2.wav,1,0,0,1,0,0,0,0
hindi_sample_446.wav,hindi audio sample 2.wav,1,0,0,1,0,0,0,0
hindi_sample_447.wav,hindi audio sample 2.wav,1,0,0,1,0,0,0,0
hindi_sample_448.wav,hindi audio sample 2.wav,1,0,0,1,0,0,0,0
hindi_sample_449.wav,hindi audio sample 2.wav,1,0,0,1,0,0,0,0
hindi_sample_450.wav,hindi audio sample 2.wav,1,0,0,1,0,0,0,0
hindi_sample_451.wav,hindi audio sample 2.wav,1,0,0,1,0,0,0,0
hindi_sample_452.wav,hindi audio sample 2.wav,1,0,0,1,0,0,0,0
hindi_sample_453.wav,hindi audio sample 2.wav,1,0,0,1,0,0,0,0
hindi_sample_454.wav,hindi audio sample 2.wav,1,0,0,1,0,0,0,0
hindi_sample_455.wav,hindi audio sample 2.wav,1,0,0,1,0,0,0,0
hindi_sample_456.wav,hindi audio sample 2.wav,1,0,0,1,0,0,0,0
hindi_sample_457.wav,hindi audio sample 2.wav,1,0,0,1,0,0,0,0
hindi_sample_458.wav,hindi audio sample 2.wav,1,0,0,1,0,0,0,0
hindi_sample_459.wav,hindi audio sample 2.wav,1,0,0,1,0,0,0,0
hindi_sample_460.wav,hindi audio sample 2.wav,1,0,0,1,0,0,0,0
hindi_sample_461.wav,hindi audio sample 2.wav,1,0,0,1,0,0,0,0
hindi_sample_462.wav,hindi audio sample 2.wav,1,0,0,1,0,0,0,0
hindi_sample_463.wav,hindi audio sample 2.wav,1,0,0,1,0,0,0,0
hindi_sample_464.wav,hindi audio sample 2.wav,1,0,0,1,0,0,0,0
hindi_sample_465.wav,hindi audio sample 2.wav,1,0,0,1,0,0,0,0
hindi_sample_466.wav,hindi audio sample 2.wav,1,0,0,1,0,0,0,0
hindi_sample_467.wav,hindi audio sample 2.wav,1,0,0,1,0,0,0,0
hindi_sample_468.wav,hindi audio sample 2.wav,1,0,0,1,0,0,0,0
hindi_sample_469.wav,hindi audio sample 2.wav,1,0,0,1,0,0,0,0
hindi_sample_470.wav,hindi audio sample 2.wav,1,0,0,1,0,0,0,0
hindi_sample_471.wav,hindi audio sample 2.wav,1,0,0,1,0,0,0,0
hindi_sample_472.wav,hindi audio sample 2.wav,1,0,0,1,0,0,0,0
hindi_sample_473.wav,hindi audio sample 2.wav,1,0,0,1,0,0,0,0
hindi_sample_474.wav,hindi audio sample 2.wav,1,0,0,1,0,0,0,0
hindi_sample_475.wav,hindi audio sample 2.wav,1,0,0,1,0,0,0,0
hindi_sample_476.wav,hindi audio sample 2.wav,1,0,0,1,0,0,0,0
hindi_sample_477.wav,hindi audio sample 2.wav,1,0,0,1,0,0,0,0
hindi_sample_478.wav,hindi audio sample 2.wav,1,0,0,1,0,0,0,0
hindi_sample_479.wav,hindi audio sample 2.wav,1,0,0,1,0,0,0,0
hindi_sample_480.wav,hindi audio sample 2.wav,1,0,0,1,0,0,0,0
hindi_sample_481.wav,hindi audio sample 2.wav,1,0,0,1,0,0,0,0
hindi_sample_482.wav,hindi audio sample 2.wav,1,0,0,1,0,0,0,0
hindi_sample_483.wav,hindi audio sample 2.wav,1,0,0,1,0,0,0,0
hindi_sample_484.wav,hindi audio sample 2.wav,1,0,0,1,0,0,0,0
hindi_sample_485.wav,hindi audio sample 2.wav,1,0,0,1,0,0,0,0
hindi_sample_486.wav,hindi audio sample 2.wav,1,0,0,1,0,0,0,0
hindi_sample_487.wav,hindi audio sample 2.wav,1,0,0,1,0,0,0,0
hindi_sample_488.wav,hindi audio sample 2.wav,1,0,0,1,0,0,0,0
hindi_sample_489.wav,hindi audio sample 2.wav,1,0,0,1,0,0,0,0
hindi_sample_490.wav,hindi audio sample 2.wav,1,0,0,1,0,0,0,0
hindi_sample_491.wav,hindi audio sample 2.wav,1,0,0,1,0,0,0,0
hindi_sample_492.wav,hindi audio sample 2.wav,1,0,0,1,0,0,0,0
hindi_sample_493.wav,hindi audio sample 2.wav,1,0,0,1,0,0,0,0
hindi_sample_494.wav,hindi audio sample 2.wav,1,0,0,1,0,0,0,0
hindi_sample_495.wav,hindi audio sample 2.wav,1,0,0,1,0,0,0,0
hindi_sample_496.wav,hindi audio sample 2.wav,1,0,0,1,0,0,0,0
hindi_sample_497.wav,hindi audio sample 2.wav,1,0,0,1,0,0,0,0
hindi_sample_498.wav,hindi audio sample 2.wav,1,0,0,1,0,0,0,0
hindi_sample_499.wav,hindi audio sample 2.wav,1,0,0,1,0,0,0,0
hindi_sample_500.wav,hindi audio sample 2.wav,1,0,0,1,0,0,0,0
hindi_sample_501.wav,hindi audio sample 2.wav,1,0,0,1,0,0,0,0
hindi_sample_502.wav,hindi audio sample 2.wav,1,0,0,1,0,0,0,0
hindi_sample_503.wav,hindi audio sample 2.wav,1,0,0,1,0,0,0,0
hindi_sample_504.wav,hindi audio sample 2.wav,1,0,0,1,0,0,0,0
hindi_sample_505.wav,hindi audio sample 2.wav,1,0,0,1,0,0,0,0
hindi_sample_506.wav,hindi audio sample 2.wav,1,0,0,1,0,0,0,0
hindi_sample_507.wav,hindi audio sample 2.wav,1,0,0,1,0,0,0,0
hindi_sample_508.wav,hindi audio sample 2.wav,1,0,0,1,0,0,0,0
hindi_sample_509.wav,hindi audio sample 2.wav,1,0,0,1,0,0,0,0
hindi_sample_510.wav,hindi audio sample 2.wav,1,0,0,1,0,0,0,0
hindi_sample_511.wav,hindi audio sample 2.wav,1,0,0,1,0,0,0,0
hindi_sample_512.wav,hindi audio sample 2.wav,1,0,0,1,0,0,0,0
hindi_sample_513.wav,hindi audio sample 2.wav,1,0,0,1,0,0,0,0
hindi_sample_514.wav,hindi audio sample 2.wav,1,0,0,1,0,0,0,0
hindi_sample_515.wav,hindi audio sample 2.wav,1,0,0,1,0,0,0,0
hindi_sample_516.wav,hindi audio sample 2.wav,1,0,0,1,0,0,0,0
hindi_sample_517.wav,hindi audio sample 2.wav,1,0,0,1,0,0,0,0
hindi_sample_518.wav,hindi audio sample 2.wav,1,0,0,1,0,0,0,0
hindi_sample_519.wav,hindi audio sample 2.wav,1,0,0,1,0,0,0,0
hindi_sample_520.wav,hindi audio sample 2.wav,1,0,0,1,0,0,0,0
hindi_sample_521.wav,hindi audio sample 2.wav,1,0,0,1,0,0,0,0
hindi_sample_522.wav,hindi audio sample 2.wav,1,0,0,1,0,0,0,0
hindi_sample_523.wav,hindi audio sample 2.wav,1,0,0,1,0,0,0,0
hindi_sample_524.wav,hindi audio sample 2.wav,1,0,0,1,0,0,0,0
hindi_sample_525.wav,hindi audio sample 2.wav,1,0,0,1,0,0,0,0
hindi_sample_526.wav,hindi audio sample 2.wav,1,0,0,1,0,0,0,0
hindi_sample_527.wav,hindi audio sample 2.wav,1,0,0,1,0,0,0,0
hindi_sample_528.wav,hindi audio sample 2.wav,1,0,0,1,0,0,0,0
hindi_sample_529.wav,hindi audio sample 2.wav,1,0,0,1,0,0,0,0
hindi_sample_530.wav,hindi audio sample 2.wav,1,0,0,1,0,0,0,0
hindi_sample_531.wav,hindi audio sample 2.wav,1,0,0,1,0,0,0,0
hindi_sample_532.wav,hindi audio sample 2.wav,1,0,0,1,0,0,0,0
hindi_sample_533.wav,hindi audio sample 2.wav,1,0,0,1,0,0,0,0
hindi_sample_534.wav,hindi audio sample 2.wav,1,0,0,1,0,0,0,0
hindi_sample_535.wav,hindi audio sample 2.wav,1,0,0,1,0,0,0,0
hindi_sample_536.wav,hindi audio sample 2.wav,1,0,0,1,0,0,0,0
hindi_sample_537.wav,hindi audio sample 2.wav,1,0,0,1,0,0,0,0
hindi_sample_538.wav,hindi audio sample 2.wav,1,0,0,1,0,0,0,0
hindi_sample_539.wav,hindi audio sample 2.wav,1,0,0,1,0,0,0,0
hindi_sample_540.wav,hindi audio sample 2.wav,1,0,0,1,0,0,0,0
hindi_sample_541.wav,hindi audio sample 2.wav,1,0,0,1,0,0,0,0
hindi_sample_542.wav,hindi audio sample 2.wav,1,0,0,1,0,0,0,0
hindi_sample_543.wav,hindi audio sample 2.wav,1,0,0,1,0,0,0,0
hindi_sample_544.wav,hindi audio sample 2.wav,1,0,0,1,0,0,0,0
hindi_sample_545.wav,hindi audio sample 2.wav,1,0,0,1,0,0,0,0
hindi_sample_546.wav,hindi audio sample 2.wav,1,0,0,1,0,0,0,0
hindi_sample_547.wav,hindi audio sample 2.wav,1,0,0,1,0,0,0,0
hindi_sample_547.wav,hindi audio sample 1.wav,1,0,0,1,0,0,0,0
hindi_sample_548.wav,hindi audio sample 1.wav,1,0,0,1,0,0,0,0
hindi_sample_549.wav,hindi audio sample 1.wav,1,0,0,1,0,0,0,0
hindi_sample_550.wav,hindi audio sample 1.wav,1,0,0,1,0,0,0,0
hindi_sample_551.wav,hindi audio sample 1.wav,1,0,0,1,0,0,0,0
hindi_sample_552.wav,hindi audio sample 1.wav,1,0,0,1,0,0,0,0
hindi_sample_553.wav,hindi audio sample 1.wav,1,0,0,1,0,0,0,0
hindi_sample_554.wav,hindi audio sample 1.wav,1,0,0,1,0,0,0,0
hindi_sample_555.wav,hindi audio sample 1.wav,1,0,0,1,0,0,0,0
hindi_sample_556.wav,hindi audio sample 1.wav,1,0,0,1,0,0,0,0
hindi_sample_557.wav,hindi audio sample 1.wav,1,0,0,1,0,0,0,0
hindi_sample_558.wav,hindi audio sample 1.wav,1,0,0,1,0,0,0,0
hindi_sample_559.wav,hindi audio sample 1.wav,1,0,0,1,0,0,0,0
hindi_sample_560.wav,hindi audio sample 1.wav,1,0,0,1,0,0,0,0
hindi_sample_561.wav,hindi audio sample 1.wav,1,0,0,1,0,0,0,0
hindi_sample_562.wav,hindi audio sample 1.wav,1,0,0,1,0,0,0,0
hindi_sample_563.wav,hindi audio sample 1.wav,1,0,0,1,0,0,0,0
hindi_sample_564.wav,hindi audio sample 1.wav,1,0,0,1,0,0,0,0
hindi_sample_565.wav,hindi audio sample 1.wav,1,0,0,1,0,0,0,0
hindi_sample_566.wav,hindi audio sample 1.wav,1,0,0,1,0,0,0,0
hindi_sample_567.wav,hindi audio sample 1.wav,1,0,0,1,0,0,0,0
hindi_sample_568.wav,hindi audio sample 1.wav,1,0,0,1,0,0,0,0
hindi_sample_569.wav,hindi audio sample 1.wav,1,0,0,1,0,0,0,0
hindi_sample_570.wav,hindi audio sample 1.wav,1,0,0,1,0,0,0,0
hindi_sample_571.wav,hindi audio sample 1.wav,1,0,0,1,0,0,0,0
hindi_sample_572.wav,hindi audio sample 1.wav,1,0,0,1,0,0,0,0
hindi_sample_573.wav,hindi audio sample 1.wav,1,0,0,1,0,0,0,0
hindi_sample_574.wav,hindi audio sample 1.wav,1,0,0,1,0,0,0,0
hindi_sample_575.wav,hindi audio sample 1.wav,1,0,0,1,0,0,0,0
hindi_sample_576.wav,hindi audio sample 1.wav,1,0,0,1,0,0,0,0
hindi_sample_577.wav,hindi audio sample 1.wav,1,0,0,1,0,0,0,0
hindi_sample_578.wav,hindi audio sample 1.wav,1,0,0,1,0,0,0,0
hindi_sample_579.wav,hindi audio sample 1.wav,1,0,0,1,0,0,0,0
hindi_sample_580.wav,hindi audio sample 1.wav,1,0,0,1,0,0,0,0
hindi_sample_581.wav,hindi audio sample 1.wav,1,0,0,1,0,0,0,0
hindi_sample_582.wav,hindi audio sample 1.wav,1,0,0,1,0,0,0,0
hindi_sample_583.wav,hindi audio sample 1.wav,1,0,0,1,0,0,0,0
hindi_sample_584.wav,hindi audio sample 1.wav,1,0,0,1,0,0,0,0
hindi_sample_585.wav,hindi audio sample 1.wav,1,0,0,1,0,0,0,0
hindi_sample_586.wav,hindi audio sample 1.wav,1,0,0,1,0,0,0,0
hindi_sample_587.wav,hindi audio sample 1.wav,1,0,0,1,0,0,0,0
hindi_sample_588.wav,hindi audio sample 1.wav,1,0,0,1,0,0,0,0
hindi_sample_589.wav,hindi audio sample 1.wav,1,0,0,1,0,0,0,0
hindi_sample_590.wav,hindi audio sample 1.wav,1,0,0,1,0,0,0,0
hindi_sample_591.wav,hindi audio sample 1.wav,1,0,0,1,0,0,0,0
hindi_sample_592.wav,hindi audio sample 1.wav,1,0,0,1,0,0,0,0
hindi_sample_593.wav,hindi audio sample 1.wav,1,0,0,1,0,0,0,0
hindi_sample_594.wav,hindi audio sample 1.wav,1,0,0,1,0,0,0,0
hindi_sample_595.wav,hindi audio sample 1.wav,1,0,0,1,0,0,0,0
hindi_sample_596.wav,hindi audio sample 1.wav,1,0,0,1,0,0,0,0
hindi_sample_597.wav,hindi audio sample 1.wav,1,0,0,1,0,0,0,0
hindi_sample_598.wav,hindi audio sample 1.wav,1,0,0,1,0,0,0,0
hindi_sample_599.wav,hindi audio sample 1.wav,1,0,0,1,0,0,0,0
hindi_sample_600.wav,hindi audio sample 1.wav,1,0,0,1,0,0,0,0
hindi_sample_601.wav,hindi audio sample 1.wav,1,0,0,1,0,0,0,0
hindi_sample_602.wav,hindi audio sample 1.wav,1,0,0,1,0,0,0,0
hindi_sample_603.wav,hindi audio sample 1.wav,1,0,0,1,0,0,0,0
hindi_sample_604.wav,hindi audio sample 1.wav,1,0,0,1,0,0,0,0
hindi_sample_605.wav,hindi audio sample 1.wav,1,0,0,1,0,0,0,0
hindi_sample_606.wav,hindi audio sample 1.wav,1,0,0,1,0,0,0,0
hindi_sample_607.wav,hindi audio sample 1.wav,1,0,0,1,0,0,0,0
hindi_sample_608.wav,hindi audio sample 1.wav,1,0,0,1,0,0,0,0
hindi_sample_609.wav,hindi audio sample 1.wav,1,0,0,1,0,0,0,0
hindi_sample_610.wav,hindi audio sample 1.wav,1,0,0,1,0,0,0,0
hindi_sample_611.wav,hindi audio sample 1.wav,1,0,0,1,0,0,0,0
hindi_sample_612.wav,hindi audio sample 1.wav,1,0,0,1,0,0,0,0
hindi_sample_613.wav,hindi audio sample 1.wav,1,0,0,1,0,0,0,0
hindi_sample_614.wav,hindi audio sample 1.wav,1,0,0,1,0,0,0,0
hindi_sample_615.wav,hindi audio sample 1.wav,1,0,0,1,0,0,0,0
hindi_sample_616.wav,hindi audio sample 1.wav,1,0,0,1,0,0,0,0
hindi_sample_617.wav,hindi audio sample 1.wav,1,0,0,1,0,0,0,0
hindi_sample_618.wav,hindi audio sample 1.wav,1,0,0,1,0,0,0,0
hindi_sample_619.wav,hindi audio sample 1.wav,1,0,0,1,0,0,0,0
hindi_sample_620.wav,hindi audio sample 1.wav,1,0,0,1,0,0,0,0
hindi_sample_621.wav,hindi audio sample 1.wav,1,0,0,1,0,0,0,0
hindi_sample_622.wav,hindi audio sample 1.wav,1,0,0,1,0,0,0,0
hindi_sample_623.wav,hindi audio sample 1.wav,1,0,0,1,0,0,0,0
hindi_sample_624.wav,hindi audio sample 1.wav,1,0,0,1,0,0,0,0
hindi_sample_625.wav,hindi audio sample 1.wav,1,0,0,1,0,0,0,0
hindi_sample_626.wav,hindi audio sample 1.wav,1,0,0,1,0,0,0,0
hindi_sample_627.wav,hindi audio sample 1.wav,1,0,0,1,0,0,0,0
hindi_sample_628.wav,hindi audio sample 1.wav,1,0,0,1,0,0,0,0
hindi_sample_629.wav,hindi audio sample 1.wav,1,0,0,1,0,0,0,0
hindi_sample_630.wav,hindi audio sample 1.wav,1,0,0,1,0,0,0,0
hindi_sample_631.wav,hindi audio sample 1.wav,1,0,0,1,0,0,0,0
hindi_sample_632.wav,hindi audio sample 1.wav,1,0,0,1,0,0,0,0
hindi_sample_633.wav,hindi audio sample 1.wav,1,0,0,1,0,0,0,0
hindi_sample_634.wav,hindi audio sample 1.wav,1,0,0,1,0,0,0,0
hindi_sample_635.wav,hindi audio sample 1.wav,1,0,0,1,0,0,0,0
hindi_sample_636.wav,hindi audio sample 1.wav,1,0,0,1,0,0,0,0
hindi_sample_637.wav,hindi audio sample 1.wav,1,0,0,1,0,0,0,0
hindi_sample_638.wav,hindi audio sample 1.wav,1,0,0,1,0,0,0,0
hindi_sample_639.wav,hindi audio sample 1.wav,1,0,0,1,0,0,0,0
hindi_sample_640.wav,hindi audio sample 1.wav,1,0,0,1,0,0,0,0
hindi_sample_641.wav,hindi audio sample 1.wav,1,0,0,1,0,0,0,0
hindi_sample_642.wav,hindi audio sample 1.wav,1,0,0,1,0,0,0,0
hindi_sample_643.wav,hindi audio sample 1.wav,1,0,0,1,0,0,0,0
hindi_sample_644.wav,hindi audio sample 1.wav,1,0,0,1,0,0,0,0
hindi_sample_645.wav,hindi audio sample 1.wav,1,0,0,1,0,0,0,0
hindi_sample_646.wav,hindi audio sample 1.wav,1,0,0,1,0,0,0,0
hindi_sample_647.wav,hindi audio sample 1.wav,1,0,0,1,0,0,0,0
hindi_sample_648.wav,hindi audio sample 1.wav,1,0,0,1,0,0,0,0
hindi_sample_649.wav,hindi audio sample 1.wav,1,0,0,1,0,0,0,0
hindi_sample_650.wav,hindi audio sample 1.wav,1,0,0,1,0,0,0,0
hindi_sample_651.wav,hindi audio sample 1.wav,1,0,0,1,0,0,0,0
hindi_sample_652.wav,hindi audio sample 1.wav,1,0,0,1,0,0,0,0
hindi_sample_653.wav,hindi audio sample 1.wav,1,0,0,1,0,0,0,0
hindi_sample_654.wav,hindi audio sample 1.wav,1,0,0,1,0,0,0,0
hindi_sample_655.wav,hindi audio sample 1.wav,1,0,0,1,0,0,0,0
hindi_sample_656.wav,hindi audio sample 1.wav,1,0,0,1,0,0,0,0
hindi_sample_656.wav,hindi audio sample 7.wav,0,1,1,0,0,0,0,0
hindi_sample_657.wav,hindi audio sample 7.wav,0,1,1,0,0,0,0,0
hindi_sample_658.wav,hindi audio sample 7.wav,0,1,1,0,0,0,0,0
hindi_sample_659.wav,hindi audio sample 7.wav,0,1,1,0,0,0,0,0
hindi_sample_660.wav,hindi audio sample 7.wav,0,1,1,0,0,0,0,0
hindi_sample_661.wav,hindi audio sample 7.wav,0,1,1,0,0,0,0,0
hindi_sample_662.wav,hindi audio sample 7.wav,0,1,1,0,0,0,0,0
hindi_sample_663.wav,hindi audio sample 7.wav,0,1,1,0,0,0,0,0
hindi_sample_664.wav,hindi audio sample 7.wav,0,1,1,0,0,0,0,0
hindi_sample_665.wav,hindi audio sample 7.wav,0,1,1,0,0,0,0,0
hindi_sample_666.wav,hindi audio sample 7.wav,0,1,1,0,0,0,0,0
hindi_sample_667.wav,hindi audio sample 7.wav,0,1,1,0,0,0,0,0
hindi_sample_668.wav,hindi audio sample 7.wav,0,1,1,0,0,0,0,0
hindi_sample_669.wav,hindi audio sample 7.wav,0,1,1,0,0,0,0,0
hindi_sample_670.wav,hindi audio sample 7.wav,0,1,1,0,0,0,0,0
hindi_sample_671.wav,hindi audio sample 7.wav,0,1,1,0,0,0,0,0
hindi_sample_672.wav,hindi audio sample 7.wav,0,1,1,0,0,0,0,0
hindi_sample_673.wav,hindi audio sample 7.wav,0,1,1,0,0,0,0,0
hindi_sample_674.wav,hindi audio sample 7.wav,0,1,1,0,0,0,0,0
hindi_sample_675.wav,hindi audio sample 7.wav,0,1,1,0,0,0,0,0
hindi_sample_676.wav,hindi audio sample 7.wav,0,1,1,0,0,0,0,0
hindi_sample_677.wav,hindi audio sample 7.wav,0,1,1,0,0,0,0,0
hindi_sample_678.wav,hindi audio sample 7.wav,0,1,1,0,0,0,0,0
hindi_sample_679.wav,hindi audio sample 7.wav,0,1,1,0,0,0,0,0
hindi_sample_680.wav,hindi audio sample 7.wav,0,1,1,0,0,0,0,0
hindi_sample_681.wav,hindi audio sample 7.wav,0,1,1,0,0,0,0,0
hindi_sample_682.wav,hindi audio sample 7.wav,0,1,1,0,0,0,0,0
hindi_sample_683.wav,hindi audio sample 7.wav,0,1,1,0,0,0,0,0
hindi_sample_684.wav,hindi audio sample 7.wav,0,1,1,0,0,0,0,0
hindi_sample_685.wav,hindi audio sample 7.wav,0,1,1,0,0,0,0,0
hindi_sample_686.wav,hindi audio sample 7.wav,0,1,1,0,0,0,0,0
hindi_sample_687.wav,hindi audio sample 7.wav,0,1,1,0,0,0,0,0
hindi_sample_688.wav,hindi audio sample 7.wav,0,1,1,0,0,0,0,0
hindi_sample_689.wav,hindi audio sample 7.wav,0,1,1,0,0,0,0,0
hindi_sample_690.wav,hindi audio sample 7.wav,0,1,1,0,0,0,0,0
hindi_sample_691.wav,hindi audio sample 7.wav,0,1,1,0,0,0,0,0
hindi_sample_692.wav,hindi audio sample 7.wav,0,1,1,0,0,0,0,0
hindi_sample_693.wav,hindi audio sample 7.wav,0,1,1,0,0,0,0,0
hindi_sample_694.wav,hindi audio sample 7.wav,0,1,1,0,0,0,0,0
hindi_sample_695.wav,hindi audio sample 7.wav,0,1,1,0,0,0,0,0
hindi_sample_696.wav,hindi audio sample 7.wav,0,1,1,0,0,0,0,0
hindi_sample_697.wav,hindi audio sample 7.wav,0,1,1,0,0,0,0,0
hindi_sample_698.wav,hindi audio sample 7.wav,0,1,1,0,0,0,0,0
hindi_sample_699.wav,hindi audio sample 7.wav,0,1,1,0,0,0,0,0
hindi_sample_700.wav,hindi audio sample 7.wav,0,1,1,0,0,0,0,0
hindi_sample_701.wav,hindi audio sample 7.wav,0,1,1,0,0,0,0,0
hindi_sample_702.wav,hindi audio sample 7.wav,0,1,1,0,0,0,0,0
hindi_sample_703.wav,hindi audio sample 7.wav,0,1,1,0,0,0,0,0
hindi_sample_704.wav,hindi audio sample 7.wav,0,1,1,0,0,0,0,0
hindi_sample_705.wav,hindi audio sample 7.wav,0,1,1,0,0,0,0,0
hindi_sample_706.wav,hindi audio sample 7.wav,0,1,1,0,0,0,0,0
hindi_sample_707.wav,hindi audio sample 7.wav,0,1,1,0,0,0,0,0
hindi_sample_708.wav,hindi audio sample 7.wav,0,1,1,0,0,0,0,0
hindi_sample_709.wav,hindi audio sample 7.wav,0,1,1,0,0,0,0,0
hindi_sample_710.wav,hindi audio sample 7.wav,0,1,1,0,0,0,0,0
hindi_sample_711.wav,hindi audio sample 7.wav,0,1,1,0,0,0,0,0
hindi_sample_712.wav,hindi audio sample 7.wav,0,1,1,0,0,0,0,0
hindi_sample_713.wav,hindi audio sample 7.wav,0,1,1,0,0,0,0,0
hindi_sample_714.wav,hindi audio sample 7.wav,0,1,1,0,0,0,0,0
hindi_sample_715.wav,hindi audio sample 7.wav,0,1,1,0,0,0,0,0
hindi_sample_716.wav,hindi audio sample 7.wav,0,1,1,0,0,0,0,0
hindi_sample_717.wav,hindi audio sample 7.wav,0,1,1,0,0,0,0,0
hindi_sample_718.wav,hindi audio sample 7.wav,0,1,1,0,0,0,0,0
hindi_sample_719.wav,hindi audio sample 7.wav,0,1,1,0,0,0,0,0
hindi_sample_720.wav,hindi audio sample 7.wav,0,1,1,0,0,0,0,0
hindi_sample_721.wav,hindi audio sample 7.wav,0,1,1,0,0,0,0,0
hindi_sample_722.wav,hindi audio sample 7.wav,0,1,1,0,0,0,0,0
hindi_sample_723.wav,hindi audio sample 7.wav,0,1,1,0,0,0,0,0
hindi_sample_724.wav,hindi audio sample 7.wav,0,1,1,0,0,0,0,0
hindi_sample_725.wav,hindi audio sample 7.wav,0,1,1,0,0,0,0,0
hindi_sample_726.wav,hindi audio sample 7.wav,0,1,1,0,0,0,0,0
hindi_sample_727.wav,hindi audio sample 7.wav,0,1,1,0,0,0,0,0
hindi_sample_728.wav,hindi audio sample 7.wav,0,1,1,0,0,0,0,0
hindi_sample_729.wav,hindi audio sample 7.wav,0,1,1,0,0,0,0,0
hindi_sample_730.wav,hindi audio sample 7.wav,0,1,1,0,0,0,0,0
hindi_sample_731.wav,hindi audio sample 7.wav,0,1,1,0,0,0,0,0
hindi_sample_732.wav,hindi audio sample 7.wav,0,1,1,0,0,0,0,0
hindi_sample_733.wav,hindi audio sample 7.wav,0,1,1,0,0,0,0,0
hindi_sample_734.wav,hindi audio sample 7.wav,0,1,1,0,0,0,0,0
hindi_sample_735.wav,hindi audio sample 7.wav,0,1,1,0,0,0,0,0
hindi_sample_736.wav,hindi audio sample 7.wav,0,1,1,0,0,0,0,0
hindi_sample_737.wav,hindi audio sample 7.wav,0,1,1,0,0,0,0,0
hindi_sample_738.wav,hindi audio sample 7.wav,0,1,1,0,0,0,0,0
hindi_sample_739.wav,hindi audio sample 7.wav,0,1,1,0,0,0,0,0
hindi_sample_740.wav,hindi audio sample 7.wav,0,1,1,0,0,0,0,0
hindi_sample_741.wav,hindi audio sample 7.wav,0,1,1,0,0,0,0,0
hindi_sample_742.wav,hindi audio sample 7.wav,0,1,1,0,0,0,0,0
hindi_sample_743.wav,hindi audio sample 7.wav,0,1,1,0,0,0,0,0
hindi_sample_744.wav,hindi audio sample 7.wav,0,1,1,0,0,0,0,0
hindi_sample_745.wav,hindi audio sample 7.wav,0,1,1,0,0,0,0,0
hindi_sample_746.wav,hindi audio sample 7.wav,0,1,1,0,0,0,0,0
hindi_sample_747.wav,hindi audio sample 7.wav,0,1,1,0,0,0,0,0
hindi_sample_748.wav,hindi audio sample 7.wav,0,1,1,0,0,0,0,0
hindi_sample_749.wav,hindi audio sample 7.wav,0,1,1,0,0,0,0,0
hindi_sample_750.wav,hindi audio sample 7.wav,0,1,1,0,0,0,0,0
hindi_sample_751.wav,hindi audio sample 7.wav,0,1,1,0,0,0,0,0
hindi_sample_752.wav,hindi audio sample 7.wav,0,1,1,0,0,0,0,0
hindi_sample_753.wav,hindi audio sample 7.wav,0,1,1,0,0,0,0,0
hindi_sample_754.wav,hindi audio sample 7.wav,0,1,1,0,0,0,0,0
hindi_sample_755.wav,hindi audio sample 7.wav,0,1,1,0,0,0,0,0
hindi_sample_756.wav,hindi audio sample 7.wav,0,1,1,0,0,0,0,0
hindi_sample_757.wav,hindi audio sample 7.wav,0,1,1,0,0,0,0,0
hindi_sample_758.wav,hindi audio sample 7.wav,0,1,1,0,0,0,0,0
hindi_sample_759.wav,hindi audio sample 7.wav,0,1,1,0,0,0,0,0
hindi_sample_760.wav,hindi audio sample 7.wav,0,1,1,0,0,0,0,0
hindi_sample_761.wav,hindi audio sample 7.wav,0,1,1,0,0,0,0,0
hindi_sample_762.wav,hindi audio sample 7.wav,0,1,1,0,0,0,0,0
hindi_sample_763.wav,hindi audio sample 7.wav,0,1,1,0,0,0,0,0
hindi_sample_764.wav,hindi audio sample 7.wav,0,1,1,0,0,0,0,0
hindi_sample_765.wav,hindi audio sample 7.wav,0,1,1,0,0,0,0,0
hindi_sample_766.wav,hindi audio sample 7.wav,0,1,1,0,0,0,0,0
hindi_sample_767.wav,hindi audio sample 7.wav,0,1,1,0,0,0,0,0
hindi_sample_768.wav,hindi audio sample 7.wav,0,1,1,0,0,0,0,0
hindi_sample_769.wav,hindi audio sample 7.wav,0,1,1,0,0,0,0,0
hindi_sample_770.wav,hindi audio sample 7.wav,0,1,1,0,0,0,0,0
hindi_sample_771.wav,hindi audio sample 7.wav,0,1,1,0,0,0,0,0
hindi_sample_772.wav,hindi audio sample 7.wav,0,1,1,0,0,0,0,0
hindi_sample_773.wav,hindi audio sample 7.wav,0,1,1,0,0,0,0,0
hindi_sample_774.wav,hindi audio sample 7.wav,0,1,1,0,0,0,0,0
hindi_sample_775.wav,hindi audio sample 7.wav,0,1,1,0,0,0,0,0
hindi_sample_776.wav,hindi audio sample 7.wav,0,1,1,0,0,0,0,0
hindi_sample_777.wav,hindi audio sample 7.wav,0,1,1,0,0,0,0,0
hindi_sample_778.wav,hindi audio sample 7.wav,0,1,1,0,0,0,0,0
hindi_sample_779.wav,hindi audio sample 7.wav,0,1,1,0,0,0,0,0
hindi_sample_780.wav,hindi audio sample 7.wav,0,1,1,0,0,0,0,0
hindi_sample_781.wav,hindi audio sample 7.wav,0,1,1,0,0,0,0,0
hindi_sample_782.wav,hindi audio sample 7.wav,0,1,1,0,0,0,0,0
hindi_sample_783.wav,hindi audio sample 7.wav,0,1,1,0,0,0,0,0
hindi_sample_784.wav,hindi audio sample 7.wav,0,1,1,0,0,0,0,0
hindi_sample_785.wav,hindi audio sample 7.wav,0,1,1,0,0,0,0,0
hindi_sample_786.wav,hindi audio sample 7.wav,0,1,1,0,0,0,0,0
hindi_sample_787.wav,hindi audio sample 7.wav,0,1,1,0,0,0,0,0
hindi_sample_788.wav,hindi audio sample 7.wav,0,1,1,0,0,0,0,0
hindi_sample_789.wav,hindi audio sample 7.wav,0,1,1,0,0,0,0,0
